CustomerID,Genre,Age,X,Y,,primary_category
1,,,-0.522736136,-0.300734034,, Email
2,,,-0.371077032,-0.517600798,, Email
3,,,-0.667281895,0.150053631,, Email
4,,,-0.048845926,-0.416419432,, Email
5,,,-0.601972301,0.47723595,, Email
6,,,0.108129257,-0.055888708,, Email
7,,,0.495760909,0.421555926,, Email
8,,,-0.040195865,-0.331346304,, Email
9,,,0.144995666,-0.242007404,, Email
10,,,-0.415598153,-0.439545278,, Email
11,,,0.048287256,0.716183219,, Email
12,,,-0.433959155,-0.149981171,, Email
13,,,0.057616514,0.325487438,, Email
14,,,0.251990447,-0.591121354,, Email
15,,,0.578901871,-0.414795545,, Email
16,,,-0.03110653,-0.102842084,, Email
17,,,-0.069560402,-0.13848035,, Email
18,,,0.048933846,0.685756497,, Email
19,,,0.707007772,-0.276898683,, Email
20,,,-0.340812689,0.586441356,, Email
21,,,-0.578479525,0.247590312,, Email
22,,,-0.022837955,-0.060482681,, Email
23,,,-0.072494225,0.120668564,, Email
24,,,0.343162107,-0.341049675,, Email
25,,,-0.326593007,-0.143013788,, Email
26,,,-0.304483765,-0.196617701,, Email
27,,,0.106529152,-0.038370556,, Email
28,,,0.110389873,-0.339919524,, Email
29,,,-0.395160975,0.441791226,, Email
30,,,0.108391068,0.523420111,, Email
31,,,-0.082440849,0.566898071,, Email
32,,,0.15356538,-0.093781704,, Email
33,,,0.170959108,0.721633258,, Email
34,,,-0.035747453,0.007891106,, Email
35,,,-0.171934917,-0.585262502,, Email
36,,,-0.229594917,-0.429103815,, Email
37,,,0.283401949,0.421149439,, Email
38,,,0.161283187,-0.50398961,, Email
39,,,-0.099073012,-0.599545188,, Email
40,,,-0.280317564,-0.546939246,, Email
41,,,0.17694365,0.513988827,, Email
42,,,-0.280441501,-0.546857791,, Email
43,,,-0.359202791,-0.494152445,, Email
44,,,-0.258992674,0.498278676,, Email
45,,,-0.3591908,-0.494162176,, Email
46,,,-0.650650137,-0.30177835,, Email
47,,,0.332018361,-0.084835685,, Email
48,,,0.430366812,-0.532955047,, Email
49,,,0.223166293,0.102421639,, Email
50,,,-0.711661586,-0.192188307,, Email
51,,,-0.14115249,0.325977415,, Email
52,,,-0.133401336,0.255624955,, Email
53,,,-0.234228616,-0.222783282,, Email
54,,,-0.531169124,0.495863754,, Email
55,,,0.621850109,-0.239036624,, Email
56,,,-0.699939779,0.079006851,, Email
57,,,-0.025522888,0.184594496,, Email
58,,,-0.177282259,0.258991062,, Email
59,,,-0.712649745,-0.019448313,, Email
60,,,0.295046684,0.399537854,, Email
61,,,0.283765346,-0.559757124,, Email
62,,,-0.149624602,-0.516217185,, Email
63,,,0.530597566,-0.383285641,, Email
64,,,-0.095073032,0.685332932,, Email
65,,,0.187742177,-0.348584029,, Email
66,,,0.185402323,0.518143665,, Email
67,,,0.220298184,-0.358737035,, Email
68,,,0.186586145,-0.428899829,, Email
69,,,0.159543635,-0.407924437,, Email
70,,,0.057096381,0.218306244,, Email
71,,,-0.424393846,-0.209856273,, Email
72,,,0.599865666,0.184399189,, Email
73,,,0.079666375,0.003871032,, Email
74,,,0.07643912,-0.503009435,, Email
75,,,-0.385162449,0.504284061,, Email
76,,,0.114216876,-0.169215787,, Email
77,,,-0.116689778,-0.346359883,, Email
78,,,0.087620363,0.096002621,, Email
79,,,0.230845133,0.486340217,, Email
80,,,-0.074385783,-0.040822586,, Email
81,,,0.480524893,-0.6237993,, Email
82,,,-0.008338371,0.447491578,, Email
83,,,-0.44535818,-0.320032126,, Email
84,,,-0.004839018,-0.031470939,, Email
85,,,0.068905129,0.425530334,, Email
86,,,0.402771516,-0.457030966,, Email
87,,,-0.221238387,0.10045603,, Email
88,,,-0.525655962,-0.330241403,, Email
89,,,-0.073755043,0.093559868,, Email
90,,,-0.405866147,0.581928886,, Email
91,,,-0.331032417,-0.255197026,, Email
92,,,-0.17703181,0.527483458,, Email
93,,,0.00322316,-0.076565246,, Email
94,,,0.063866154,-0.42417191,, Email
95,,,-0.180812209,0.692883794,, Email
96,,,-0.635964726,-0.313461447,, Email
97,,,-0.401807753,-0.561953668,, Email
98,,,0.207187914,-0.306496777,, Email
99,,,0.573015765,-0.116153198,, Email
100,,,0.255324587,-0.606755002,, Email
101,,,-0.572416265,-0.204718035,, Email
102,,,-0.575806965,-0.231408276,, Email
103,,,-0.004345553,-0.123877323,, Email
104,,,0.125336671,-0.601960637,, Email
105,,,0.403701032,0.398247308,, Email
106,,,-0.174810732,-0.129093242,, Email
107,,,-0.603763275,0.216394032,, Email
108,,,-0.214207811,-0.374986906,, Email
109,,,0.155220241,0.156298583,, Email
110,,,0.309330184,0.625076003,, Email
111,,,-0.279082978,-0.408765557,, Email
112,,,-0.508251408,-0.403239466,, Email
113,,,0.05837367,0.510256233,, Email
114,,,0.289220695,0.55413549,, Email
115,,,-0.353341749,0.547729822,, Email
116,,,0.027467156,0.683854125,, Email
117,,,-0.734649154,0.010542269,, Email
118,,,0.049267039,0.308561065,, Email
119,,,-0.168533457,0.037080764,, Email
120,,,0.143195621,0.540065527,, Email
121,,,0.068120695,0.062809514,, Email
122,,,-0.346046421,0.473799212,, Email
123,,,0.146967575,-0.749506068,, Email
124,,,0.282343117,-0.673854544,, Email
125,,,-0.704745763,-0.09941278,, Email
126,,,0.06766444,-0.183448774,, Email
127,,,-0.435679501,0.450958575,, Email
128,,,0.051462728,-0.164934721,, Email
129,,,0.172446985,-0.069668259,, Email
130,,,0.100899095,-0.302395187,, Email
131,,,-0.511127787,0.385921415,, Email
132,,,0.261226606,-0.441823004,, Email
133,,,0.299883891,-0.415778886,, Email
134,,,0.212157474,-0.412146749,, Email
135,,,-0.343737528,0.426418089,, Email
136,,,-0.49961212,-0.063026457,, Email
137,,,0.131528743,0.157293861,, Email
138,,,0.325243317,-0.171635832,, Email
139,,,-0.303775441,0.150014231,, Email
140,,,0.107169489,-0.018254193,, Email
141,,,-0.254796932,-0.59735694,, Email
142,,,-0.406540896,0.341925796,, Email
143,,,-0.662386517,-0.120639871,, Email
144,,,0.379614227,-0.436715937,, Email
145,,,-0.298160291,-0.451201462,, Email
146,,,-0.070768697,-0.153655364,, Email
147,,,-0.402028301,-0.289919472,, Email
148,,,0.065001128,-0.15275099,, Email
149,,,0.186011565,0.687975692,, Email
150,,,-0.147286973,-0.093270208,, Email
151,,,0.317315422,0.45869469,, Email
152,,,-0.097741122,-0.274716615,, Email
153,,,-0.205655535,-0.168120593,, Email
154,,,-0.12335416,-0.591299076,, Email
155,,,0.026258207,-0.07853099,, Email
156,,,0.288270813,-0.267462517,, Email
157,,,0.229133233,-0.746064938,, Email
158,,,0.05281215,-0.682330373,, Email
159,,,0.549741677,-0.318065674,, Email
160,,,0.362462358,0.206089853,, Email
161,,,-0.235587432,-0.304004703,, Email
162,,,0.330741734,-0.288122265,, Email
163,,,0.448600797,-0.429889547,, Email
164,,,-0.047279926,-0.368710479,, Email
165,,,0.036529167,0.168789445,, Email
166,,,0.080268946,0.286106689,, Email
167,,,0.032567646,-0.097607689,, Email
168,,,0.130772463,0.453143103,, Email
169,,,0.084322521,0.469692224,, Email
170,,,0.295792203,0.682518905,, Email
171,,,-0.094213712,0.01285856,, Email
172,,,-0.309938776,-0.301453541,, Email
173,,,0.184160469,0.314929647,, Email
174,,,-0.426796838,-0.098174305,, Email
175,,,-0.048878126,0.096456861,, Email
176,,,-0.196294199,-0.63676141,, Email
177,,,0.008782834,-0.109413686,, Email
178,,,0.090740683,0.226499859,, Email
179,,,-0.216598272,-0.64441972,, Email
180,,,0.113853912,0.597694968,, Email
181,,,0.02548275,0.23074481,, Email
182,,,0.755110537,0.014322808,, Email
183,,,0.294106761,0.355450764,, Email
184,,,-0.044924904,0.398122227,, Email
185,,,0.04474952,-0.149819114,, Email
186,,,-0.262254809,0.362293712,, Email
187,,,-0.615194266,0.12323069,, Email
188,,,-0.46757484,0.635096983,, Financial
189,,,-0.769042007,-0.009513632,, Financial
190,,,0.098566827,-0.750937118,, Financial
191,,,0.38033363,-0.672507896,, Financial
192,,,-0.414846989,-0.654721705,, Financial
193,,,-0.571779987,0.490800987,, Financial
194,,,0.175567715,0.744356628,, Financial
195,,,-0.500412963,0.601813355,, Financial
196,,,-0.650934454,0.3288784,, Financial
197,,,-0.464628533,-0.607812521,, Financial
198,,,-0.228916303,-0.461964016,, Financial
199,,,-0.389781792,-0.293930111,, Financial
200,,,-0.289058837,-0.48462966,, Financial
,,,-0.308036102,0.12942961,, Financial
,,,-0.320078417,-0.118376182,, Financial
,,,0.748074851,0.101329402,, Financial
,,,-0.5081757,-0.57063683,, Financial
,,,0.225611606,-0.494062646,, Financial
,,,0.195140061,0.60868981,, Financial
,,,-0.775154009,-0.08301625,, Financial
,,,0.183912412,-0.586845781,, Financial
,,,-0.771094643,-0.162371435,, Financial
,,,-0.644471987,0.382893826,, Financial
,,,-0.643960743,-0.144738951,, Financial
,,,0.560058215,-0.296650854,, Financial
,,,-0.244126416,0.717378135,, Financial
,,,-0.439600947,-0.310291808,, Financial
,,,-0.14905848,-0.781899294,, Financial
,,,-0.624920561,-0.411824432,, Financial
,,,0.74574311,-0.269494319,, Financial
,,,-0.358318982,0.249894933,, Financial
,,,0.60523209,-0.475474062,, Financial
,,,-0.672167449,0.415816054,, Financial
,,,-0.609395426,0.311918546,, Financial
,,,0.727571696,0.008794181,, Financial
,,,-0.418518947,0.100054324,, Financial
,,,0.244011624,0.757747344,, Financial
,,,0.314644408,0.587709389,, Financial
,,,0.566291846,0.472066189,, Financial
,,,-0.795007595,-0.018391663,, Financial
,,,0.784197042,0.058468664,, Financial
,,,-0.643383078,-0.146831712,, Financial
,,,0.666121121,0.384131333,, Financial
,,,-0.552395294,-0.422239203,, Financial
,,,-0.700025596,-0.127132125,, Financial
,,,0.757437974,-0.129350946,, Financial
,,,-0.157668923,-0.100826347,, Financial
,,,-0.653047697,-0.182647751,, Financial
,,,-0.641746735,0.359361272,, Financial
,,,-0.341606105,0.291281784,, Financial
,,,-0.247811568,-0.473712529,, Financial
,,,-0.526289612,0.483582561,, Financial
,,,0.726844174,-0.005261232,, Financial
,,,-0.733239738,-0.178601651,, Financial
,,,-0.488451098,-0.579934949,, Financial
,,,0.076655478,0.74520342,, Financial
,,,0.309619461,0.649310046,, Financial
,,,-0.489980795,0.300155554,, Financial
,,,-0.576616058,0.524638202,, Financial
,,,-0.41166598,-0.117045849,, Financial
,,,0.640263616,-0.42056258,, Financial
,,,-0.284373843,0.442687706,, Financial
,,,-0.289107396,-0.663321938,, Financial
,,,0.244914043,0.612005834,, Financial
,,,-0.179794737,-0.222319715,, Financial
,,,-0.123880859,0.647939454,, Financial
,,,-0.611462343,0.004797487,, Financial
,,,-0.718642402,-0.050547262,, Financial
,,,-0.28606829,-0.139448106,, Financial
,,,0.352361305,0.502303788,, Financial
,,,-0.683173433,-0.122864605,, Financial
,,,-0.557549906,0.416152282,, Financial
,,,-0.5198462,0.462490702,, Financial
,,,-0.428220517,-0.465839073,, Financial
,,,-0.607463592,-0.081730586,, Financial
,,,-0.075187135,-0.730662433,, Financial
,,,-0.068286502,0.730156946,, Financial
,,,0.155085196,-0.757256529,, Financial
,,,-0.639100811,0.42165128,, Financial
,,,-0.509412228,-0.212447972,, Financial
,,,-0.617241524,-0.057813067,, Financial
,,,-0.54563302,-0.054866908,, Financial
,,,-0.027811202,-0.366116519,, Financial
,,,-0.250954919,-0.386049445,, Financial
,,,-0.058089543,0.785746258,, Financial
,,,-0.243991466,-0.234957976,, Financial
,,,-0.05435242,-0.661308169,, Financial
,,,-0.607479065,0.23773464,, Financial
,,,-0.379423288,-0.424676204,, Financial
,,,-0.450318812,0.586764662,, Financial
,,,0.499592591,-0.584262136,, Financial
,,,-0.572278182,-0.484457866,, Financial
,,,0.091919318,-0.711233216,, Financial
,,,0.372376117,-0.671381128,, Financial
,,,-0.003137695,0.286930335,, Financial
,,,-0.549899122,-0.098663258,, Financial
,,,0.072354138,0.409616099,, Financial
,,,-0.498771167,-0.183984909,, Financial
,,,-0.110205249,0.240889997,, Financial
,,,-0.111898432,-0.619160509,, Financial
,,,-0.365241804,0.171442008,, Financial
,,,-0.349837344,0.177624521,, Financial
,,,-0.547181107,0.33492626,, Financial
,,,-0.771920255,0.204339055,, Financial
,,,-0.518019077,-0.511008366,, Financial
,,,-0.307593493,-0.138544437,, Financial
,,,0.05219898,-0.437796845,, Financial
,,,-0.317338097,-0.024655348,, Financial
,,,0.325610274,0.478656302,, Financial
,,,-0.062606228,-0.646956276,, Financial
,,,-0.214497691,-0.194127953,, Financial
,,,0.633501933,0.206427589,, Financial
,,,0.167068649,-0.646786451,, Financial
,,,-0.334706235,-0.423912978,, Financial
,,,-0.235702539,-0.199909129,, Financial
,,,0.179675165,0.718763572,, Financial
,,,0.64517577,0.421972021,, Financial
,,,0.751555539,0.195436306,, Financial
,,,-0.508596915,0.352265757,, Financial
,,,-0.557730816,0.053389711,, Financial
,,,-0.508087636,-0.545786692,, Financial
,,,0.611051093,0.157052206,, Financial
,,,-0.444515638,0.536942261,, Financial
,,,0.030594667,-0.563096503,, Financial
,,,0.060681242,-0.660568449,, Financial
,,,-0.480545293,-0.472752614,, Financial
,,,0.279262983,-0.707314123,, Financial
,,,-0.411509343,0.63881886,, Financial
,,,-0.445234333,-0.411342657,, Financial
,,,0.494840067,-0.527251066,, Financial
,,,-0.256455451,0.047056297,, Financial
,,,-0.584661496,0.089854094,, Financial
,,,-0.250092911,0.020216176,, Financial
,,,-0.384534936,0.259413399,, Financial
,,,-0.298570439,-0.50323648,, Financial
,,,-0.575608285,0.159750593,, Financial
,,,-0.430862517,0.52973774,, Financial
,,,0.283776359,0.650129635,, Financial
,,,-0.438153932,-0.560994364,, Financial
,,,0.051630619,-0.392787401,, Financial
,,,0.784663083,0.179416434,, Mapping
,,,-0.008748527,0.76339315,, Mapping
,,,0.079380168,0.673657801,, Mapping
,,,0.495747166,0.546447402,, Mapping
,,,-0.746527589,0.167151212,, Mapping
,,,-0.683385272,0.171414118,, Mapping
,,,-0.257459068,-0.062997424,, Mapping
,,,-0.631040608,-0.459922287,, Mapping
,,,-0.368471474,-0.566477581,, Mapping
,,,-0.745846758,-0.076933896,, Mapping
,,,0.078940193,-0.752029498,, Mapping
,,,-0.753333271,-0.250670352,, Mapping
,,,-0.774630242,-0.145104743,, Mapping
,,,-0.406936084,0.434600466,, Mapping
,,,0.645591637,-0.301769243,, Mapping
,,,0.024793751,0.390021974,, Mapping
,,,0.711597098,-0.11591807,, Mapping
,,,0.315513093,0.649186292,, Mapping
,,,-0.643045965,-0.32194116,, Mapping
,,,-0.538008541,-0.21203618,, Mapping
,,,-0.169956563,-0.457634841,, Mapping
,,,0.079416705,-0.421629438,, Mapping
,,,-0.724159739,0.209214467,, Mapping
,,,-0.572392063,-0.2874831,, Mapping
,,,0.096021982,0.673713658,, Mapping
,,,-0.067851232,0.506167358,, Mapping
,,,0.065101413,-0.696197795,, Mapping
,,,-0.323438071,-0.317451619,, Mapping
,,,-0.144710147,0.706703271,, Mapping
,,,-0.798777032,0.053077638,, Mapping
,,,-0.129002025,0.703771644,, Mapping
,,,-0.488701848,0.02982269,, Mapping
,,,0.128749501,-0.778804262,, Mapping
,,,0.105385675,-0.744113255,, Mapping
,,,-0.533110032,0.388515922,, Mapping
,,,-0.530501029,-0.088476657,, Mapping
,,,0.606674161,-0.43345122,, Mapping
,,,-0.612777306,-0.427789731,, Mapping
,,,-0.476638847,-0.1188949,, Mapping
,,,-0.035220382,0.489656308,, Mapping
,,,-0.679762176,-0.218427398,, Mapping
,,,-0.15683533,-0.117470576,, Mapping
,,,-0.580940345,0.122828444,, Mapping
,,,-0.622464601,-0.173979016,, Mapping
,,,-0.705669223,-0.213129497,, Mapping
,,,-0.696440042,0.226143138,, Mapping
,,,-0.440281467,-0.587379721,, Mapping
,,,-0.531579484,0.063305929,, Mapping
,,,-0.564901247,-0.250970633,, Mapping
,,,0.034390379,-0.287444697,, Mapping
,,,0.51708876,-0.23771002,, Mapping
,,,0.109566885,0.646311599,, Mapping
,,,-0.684801477,-0.296545492,, Mapping
,,,-0.267902373,-0.697346254,, Mapping
,,,0.181280982,-0.74587519,, Mapping
,,,-0.389424424,0.65028035,, Mapping
,,,-0.392071217,-0.60654839,, Mapping
,,,0.464139937,0.475919349,, Mapping
,,,-0.66395474,-0.212228429,, Mapping
,,,-0.700201261,-0.044321946,, Mapping
,,,-0.504843869,-0.479596044,, Mapping
,,,-0.702653046,-0.027175262,, Mapping
,,,-0.373946989,-0.132388698,, Mapping
,,,-0.579544453,0.440866201,, Mapping
,,,-0.473495254,-0.635245348,, Mapping
,,,0.16766987,-0.442347287,, Mapping
,,,-0.323904679,0.473639467,, Mapping
,,,0.091711617,0.742356461,, Mapping
,,,-0.733562598,0.084266026,, Mapping
,,,-0.134474057,-0.340834854,, Mapping
,,,-0.442655609,-0.615335871,, Mapping
,,,-0.646664683,-0.253456666,, Mapping
,,,-0.469733762,0.052076133,, Mapping
,,,-0.304207855,-0.048529345,, Mapping
,,,-0.273147377,0.647185817,, Mapping
,,,0.471742086,0.614086207,, Mapping
,,,-0.61064779,0.414268004,, Mapping
,,,-0.740357363,-0.1955802,, Mapping
,,,0.107721357,0.6665879,, Mapping
,,,-0.566968177,-0.376234872,, Mapping
,,,-0.609424064,0.347383218,, Mapping
,,,0.44776773,-0.55744074,, Mapping
,,,-0.596149698,0.360269022,, Mapping
,,,0.07977296,-0.398111163,, Mapping
,,,-0.58416242,0.537131807,, Mapping
,,,-0.714043488,-0.170953246,, Mapping
,,,-0.748552926,0.112122908,, Mapping
,,,0.617769813,-0.483880517,, Mapping
,,,-0.702617457,-0.34103181,, Mapping
,,,-0.590446564,-0.402831995,, Mapping
,,,0.168609946,0.69430474,, Mapping
,,,-0.468874393,0.241895954,, Mapping
,,,-0.651470019,0.093423147,, Mapping
,,,0.264911587,-0.60588891,, Mapping
,,,-0.564429729,-0.154212134,, Mapping
,,,-0.392652052,-0.598862872,, Mapping
,,,0.360880135,0.538305952,, Mapping
,,,-0.342142379,0.308407814,, Mapping
,,,-0.737633406,0.231445439,, Mapping
,,,-0.440206989,-0.570989164,, Mapping
,,,-0.418946032,-0.314281655,, Mapping
,,,-0.393051342,0.350941027,, Mapping
,,,-0.521557234,-0.138614985,, Mapping
,,,0.061771475,-0.518845043,, Mapping
,,,-0.366672606,0.38000714,, Mapping
,,,-0.217998552,-0.549430594,, Mapping
,,,-0.504192538,0.26579647,, Mapping
,,,0.699462577,-0.057318677,, Mapping
,,,-0.756809968,-0.024148116,, Mapping
,,,-0.55865738,-0.000940542,, Mapping
,,,-0.110400488,0.503870268,, Mapping
,,,-0.477307762,0.092657818,, Mapping
,,,0.402304229,0.493935171,, Mapping
,,,-0.525812383,-0.042274114,, Mapping
,,,-0.741085975,0.027406723,, Mapping
,,,0.701108621,-0.135575943,, Mapping
,,,-0.407635456,-0.048867328,, Mapping
,,,0.551369851,0.544160888,, Mapping
,,,-0.352831677,0.072135618,, Mapping
,,,-0.62631907,0.321723327,, Mapping
,,,0.358337589,-0.400145865,, Mapping
,,,-0.451256572,-0.368363199,, Mapping
,,,0.422518228,-0.510547581,, Mapping
,,,-0.038894489,-0.262354594,, Mapping
,,,-0.275210895,0.724456572,, Mapping
,,,-0.120464919,0.248544274,, Mapping
,,,-0.260799991,-0.325199871,, Mapping
,,,-0.510103762,-0.115217083,, Mapping
,,,-0.510778023,-0.112601795,, Mapping
,,,-0.510077511,-0.115310498,, Mapping
,,,-0.5101029,-0.115220161,, Mapping
,,,-0.724693153,-0.312223539,, Mapping
,,,-0.510672737,-0.113016764,, Mapping
,,,-0.260669696,-0.325232674,, Mapping
,,,-0.103519477,0.255190606,, Mapping
,,,0.243188183,0.697833449,, Mapping
,,,0.298562334,0.724308129,, Mapping
,,,-0.659266377,-0.188028022,, Mapping
,,,-0.203695282,-0.262248007,, Mapping
,,,-0.54003742,0.149366612,, Mapping
,,,-0.47243892,0.011934777,, Mapping
,,,-0.453805938,0.392213358,, Mapping
,,,-0.603021895,-0.099134348,, Mapping
,,,-0.024834025,0.254879398,, Mapping
,,,-0.502019613,0.436958606,, Mapping
,,,-0.38471318,-0.121800842,, Mapping
,,,-0.004611689,0.568135692,, Mapping
,,,-0.121839191,-0.384119877,, Mapping
,,,0.701013063,0.332900838,, Mapping
,,,-0.694412322,-0.24114562,, Mapping
,,,-0.55686502,-0.401221493,, Mapping
,,,-0.753552216,0.086992817,, Mapping
,,,-0.415201652,-0.562864585,, Mapping
,,,0.737801362,-0.129458199,, Mapping
,,,-0.300357284,0.012587734,, Mapping
,,,-0.700444601,-0.312972815,, Mapping
,,,-0.318618763,0.585722735,, Mapping
,,,0.75434712,0.130732079,, Mapping
,,,-0.667300573,0.411947677,, Mapping
,,,-0.630599764,-0.195831998,, Mapping
,,,-0.276523409,0.021927241,, Mapping
,,,-0.546861749,0.450444923,, Mapping
,,,-0.691766261,-0.155175706,, Mapping
,,,-0.579768334,0.069488308,, Mapping
,,,-0.666876266,-0.397027431,, Mapping
,,,0.613252293,-0.42078179,, Mapping
,,,-0.482162707,-0.024766229,, Mapping
,,,-0.505831255,0.005169171,, Mapping
,,,0.285430539,-0.439689281,, Mapping
,,,-0.561748415,-0.124407446,, Mapping
,,,0.230669795,0.590122425,, Mapping
,,,-0.425239169,0.016723299,, Mapping
,,,0.328637515,-0.547561889,, Mapping
,,,-0.637625787,-0.118268268,, Mapping
,,,-0.172295894,0.641119089,, Mapping
,,,-0.679453242,-0.027499292,, Mapping
,,,-0.655890982,0.173336897,, Mapping
,,,-0.558454235,0.381780172,, Mapping
,,,-0.682102835,-0.005188712,, Mapping
,,,-0.682156794,-0.004756816,, Mapping
,,,0.398782097,-0.634152774,, Mapping
,,,-0.708247361,0.059393441,, Mapping
,,,-0.159269882,0.483852634,, Mapping
,,,0.086714225,0.559039494,, Mapping
,,,-0.43566705,0.142411119,, Mapping
,,,0.515132938,-0.201444147,, Messaging
,,,0.5388601,-0.281494012,, Messaging
,,,0.240810455,-0.513576095,, Messaging
,,,0.180582992,-0.003615956,, Messaging
,,,0.319294028,-0.026009546,, Messaging
,,,0.554670545,-0.048888846,, Messaging
,,,0.471730021,0.035021955,, Messaging
,,,0.368266525,0.344392772,, Messaging
,,,0.606521413,0.083137109,, Messaging
,,,0.342216216,0.126298148,, Messaging
,,,0.517716279,0.223462472,, Messaging
,,,0.488888264,0.271345328,, Messaging
,,,0.446019764,0.202363314,, Messaging
,,,0.679368648,0.137440774,, Messaging
,,,0.666528714,0.019314113,, Messaging
,,,0.328010641,0.199999586,, Messaging
,,,0.322985806,0.032867635,, Messaging
,,,0.426763931,-0.125117316,, Messaging
,,,0.615349115,0.201858018,, Messaging
,,,0.493778443,-0.095215071,, Messaging
,,,0.474516802,0.070520022,, Messaging
,,,0.505623729,0.117537909,, Messaging
,,,0.425145891,-0.241315668,, Messaging
,,,0.379250806,0.05527156,, Messaging
,,,0.378619264,0.169723126,, Messaging
,,,0.545220455,0.266957073,, Messaging
,,,0.333715276,0.137961607,, Messaging
,,,-0.121008319,0.291853966,, Messaging
,,,0.664673426,-0.048358542,, Messaging
,,,0.431348663,-0.180239154,, Messaging
,,,0.213946551,0.054730332,, Messaging
,,,0.27818498,0.224604715,, Messaging
,,,0.248733123,-0.203916258,, Messaging
,,,0.2975462,-0.016716875,, Messaging
,,,0.435267742,-0.229318124,, Messaging
,,,0.199555949,0.228444929,, Messaging
,,,0.425243036,-0.030703842,, Messaging
,,,0.435223263,0.115448102,, Messaging
,,,0.495854103,-0.082436793,, Messaging
,,,0.324883396,0.181828341,, Messaging
,,,0.662958682,0.211923773,, Messaging
,,,0.37121303,0.250088344,, Messaging
,,,0.254763975,0.160614677,, Messaging
,,,0.477388951,0.232254734,, Messaging
,,,0.279079481,-0.011015618,, Messaging
,,,0.326400375,-0.107197698,, Messaging
,,,0.469008577,0.312772075,, Messaging
,,,0.404181656,0.220967674,, Messaging
,,,0.261065782,-0.042498067,, Messaging
,,,0.297815157,-0.109862676,, Messaging
,,,0.598649461,-0.045884921,, Messaging
,,,0.509588854,-0.234694703,, Messaging
,,,0.194918376,0.09075236,, Messaging
,,,0.621584391,0.215320472,, Messaging
,,,0.477185469,-0.080897882,, Messaging
,,,0.546981325,0.098522263,, Messaging
,,,0.518451212,-0.214375853,, Messaging
,,,0.228065294,-0.101114733,, Messaging
,,,0.466097978,0.326611643,, Messaging
,,,0.219255254,0.040387983,, Messaging
,,,0.394032262,-0.196227286,, Messaging
,,,0.644268977,-0.06432156,, Messaging
,,,0.564640407,-0.134854502,, Messaging
,,,0.486720517,-0.050292079,, Messaging
,,,0.593774576,0.035560175,, Messaging
,,,0.520205245,0.135189187,, Messaging
,,,0.305896816,0.00531706,, Messaging
,,,0.657096423,-0.095676154,, Messaging
,,,0.290037728,-0.073531171,, Messaging
,,,0.207622898,-0.071557734,, Messaging
,,,0.624447427,0.057563455,, Messaging
,,,0.602462098,-0.00724794,, Messaging
,,,0.566410361,0.031350994,, Messaging
,,,0.587766335,0.052730139,, Messaging
,,,0.501379601,0.03381422,, Messaging
,,,0.434860435,-0.140574307,, Messaging
,,,0.389547044,0.096049157,, Messaging
,,,0.455294285,0.188421073,, Messaging
,,,0.306739881,-0.05538869,, Messaging
,,,0.298669703,0.188396817,, Messaging
,,,0.399386403,-0.09410456,, Messaging
,,,0.652932486,-0.132253729,, Messaging
,,,0.570199587,0.205159013,, Messaging
,,,0.513999161,0.197341459,, Messaging
,,,0.278782251,0.007419341,, Messaging
,,,0.289293852,0.077895931,, Messaging
,,,0.593168846,0.15426071,, Messaging
,,,0.281296841,0.154260703,, Messaging
,,,0.394079671,-0.186864582,, Messaging
,,,0.600165958,0.259368031,, Messaging
,,,0.429877235,0.087219308,, Messaging
,,,0.664131447,-0.130146068,, Messaging
,,,0.604953577,-0.071098875,, Messaging
,,,0.618807928,0.18211527,, Messaging
,,,0.50161245,0.144970723,, Messaging
,,,0.502728535,-0.020923675,, Messaging
,,,0.433842422,0.038981814,, Messaging
,,,0.559795638,0.186454248,, Messaging
,,,0.188752821,0.001218939,, Messaging
,,,0.525166275,0.101464573,, Messaging
,,,0.459372401,0.016670612,, Messaging
,,,0.655488306,-0.215914702,, Messaging
,,,0.371526462,-0.084728236,, Messaging
,,,0.655522767,0.014553178,, Messaging
,,,0.429972955,0.051653325,, Messaging
,,,0.459843671,0.066935409,, Messaging
,,,0.266493766,0.091953756,, Messaging
,,,0.403886885,0.063122966,, Messaging
,,,0.260273361,-0.297553871,, Messaging
,,,0.551974264,0.244593531,, Messaging
,,,0.46039408,0.052514304,, Messaging
,,,0.357174625,-0.221258295,, Messaging
,,,0.484397703,0.18570208,, Messaging
,,,0.369517783,0.28045689,, Messaging
,,,0.31586103,0.138305991,, Messaging
,,,0.32646254,-0.157200462,, Messaging
,,,0.358672817,0.018032676,, Messaging
,,,0.436992947,-0.363677986,, Messaging
,,,0.240246467,-0.192044188,, Messaging
,,,0.42723041,0.037538403,, Messaging
,,,0.545406334,0.045766811,, Messaging
,,,0.528945161,0.003513054,, Messaging
,,,0.367974029,0.099203094,, Messaging
,,,0.603298629,-0.07205224,, Messaging
,,,0.395112047,0.140629141,, Messaging
,,,-0.025300303,-0.021953559,, Messaging
,,,0.203688373,-0.075321302,, Messaging
,,,0.671023733,0.061814913,, Messaging
,,,0.361236043,0.029232332,, Messaging
,,,0.429307863,0.139937693,, Messaging
,,,0.674077204,0.042907986,, Messaging
,,,0.550110743,-0.073305043,, Messaging
,,,0.283469618,0.115402352,, Messaging
,,,0.582808966,-0.061307032,, Messaging
,,,0.55460845,0.153002441,, Messaging
,,,0.487970322,0.111356315,, Messaging
,,,0.576567371,-0.131977024,, Messaging
,,,0.43166152,0.22907852,, Messaging
,,,0.405478618,0.044615735,, Messaging
,,,0.430399266,-0.090391045,, Messaging
,,,0.617539598,-0.133824988,, Messaging
,,,0.649230276,-0.091304162,, Messaging
,,,0.456608291,-0.069249325,, Messaging
,,,0.412671935,0.307015403,, Messaging
,,,0.435920469,-0.103999791,, Messaging
,,,0.432179723,0.025322777,, Messaging
,,,0.546887686,-0.182891594,, Messaging
,,,0.45965242,-0.13289405,, Messaging
,,,0.596428047,0.10427816,, Messaging
,,,0.6274114,0.102040402,, Messaging
,,,0.502350583,-0.005024517,, Messaging
,,,0.479749674,-0.133156257,, Messaging
,,,0.501905762,-0.091650477,, Messaging
,,,0.2493739,-0.132881335,, Messaging
,,,0.17863749,0.051414927,, Messaging
,,,0.274777394,-0.047697854,, Messaging
,,,0.485165997,-0.027726508,, Messaging
,,,0.292893843,0.145458102,, Messaging
,,,0.492070183,0.050100213,, Messaging
,,,0.53938105,-0.145734541,, Messaging
,,,0.234927387,0.231348104,, Messaging
,,,0.162247475,0.079916211,, Messaging
,,,0.46791591,0.155084099,, Messaging
,,,0.536169405,0.170650563,, Messaging
,,,0.610411852,0.27392144,, Messaging
,,,0.241210223,0.038077007,, Messaging
,,,0.657068798,-0.020392446,, Messaging
,,,0.571286387,-0.055805786,, Messaging
,,,0.212237304,0.262451204,, Messaging
,,,0.50595294,-0.110305444,, Messaging
,,,0.302568141,-0.15420424,, Messaging
,,,0.301962134,0.059581821,, Messaging
,,,0.66275487,-0.1701155,, Messaging
,,,0.361836541,0.080897173,, Messaging
,,,0.682540517,0.132951437,, Messaging
,,,0.610353852,-0.156205665,, Messaging
,,,0.301127114,0.173181057,, Messaging
,,,0.238564612,0.197348261,, Messaging
,,,0.714206122,-0.010133819,, Messaging
,,,0.636221965,0.008048212,, Messaging
,,,0.334723072,-0.126267773,, Messaging
,,,0.335138423,0.071281875,, Messaging
,,,0.39597795,-0.170354221,, Messaging
,,,0.217860922,0.000598188,, Messaging
,,,0.195058407,0.070162822,, Messaging
,,,0.102880933,0.022999837,, Messaging
,,,0.562565998,0.31111626,, Messaging
,,,0.233958596,-0.073655147,, Messaging
,,,0.200106961,-0.031648535,, Messaging
,,,0.650093745,-0.107398927,, Messaging
,,,0.512985296,0.028502608,, Messaging
,,,0.434697806,0.007106767,, Messaging
,,,0.219771921,0.206695066,, Messaging
,,,0.160803033,0.273297768,, Messaging
,,,0.605179979,0.241145989,, Messaging
,,,0.463103328,0.083128657,, Messaging
,,,0.690384192,0.046113033,, Messaging
,,,0.499794632,0.133327431,, Messaging
,,,0.529738557,0.079961678,, Messaging
,,,0.29232948,0.252335351,, Messaging
,,,0.685939171,-0.064073034,, Messaging
,,,-0.449898174,0.503951939,, Messaging
,,,0.403366658,-0.210259987,, Messaging
,,,0.458471753,-0.044983575,, Messaging
,,,0.384678677,-0.009089089,, Messaging
,,,0.355555961,-0.044989714,, Messaging
,,,0.25758876,0.034616765,, Messaging
,,,0.149642255,0.101460217,, Messaging
,,,0.193896112,0.123592012,, Messaging
,,,0.198496658,0.156602116,, Messaging
,,,0.436143862,0.078054171,, Messaging
,,,0.581721709,0.181652938,, Messaging
,,,0.534905435,0.291847478,, Messaging
,,,0.632498982,0.109787209,, Messaging
,,,0.646408833,0.08763316,, Messaging
,,,0.372150689,0.008825454,, Messaging
,,,-0.429941342,-0.617650852,, Messaging
,,,0.775622176,-0.030367257,, Messaging
,,,0.559835151,0.066115499,, Messaging
,,,0.388715724,-0.036841609,, Messaging
,,,0.678535392,-0.052932174,, Messaging
,,,0.585957783,-0.029747798,, Messaging
,,,0.655740068,0.054372887,, Messaging
,,,0.722293205,-0.061417767,, Messaging
,,,0.592260715,0.138005575,, Messaging
,,,0.32598662,-0.168700883,, Messaging
,,,0.509083858,-0.160927817,, Messaging
,,,0.455281952,0.011153897,, Messaging
,,,0.318287395,0.070177572,, Messaging
,,,0.536557813,0.223109833,, Messaging
,,,0.51519475,0.168838259,, Messaging
,,,0.3882458,0.022121074,, Messaging
,,,0.343160342,-0.036672493,, Messaging
,,,0.619122422,-0.144021764,, Messaging
,,,0.563983546,0.255391109,, Messaging
,,,0.442419345,-0.266384385,, Messaging
,,,0.355362483,-0.005608455,, Messaging
,,,0.526165833,-0.014890175,, Messaging
,,,0.441340897,0.189278392,, Messaging
,,,0.552668535,0.016283235,, Messaging
,,,0.28860547,0.12085876,, Messaging
,,,0.41389886,0.410311924,, Messaging
,,,0.489185047,0.192810945,, Messaging
,,,0.56424862,-0.0194737,, Messaging
,,,0.269712687,0.236670496,, Messaging
,,,0.358727717,-0.027452337,, Messaging
,,,0.389410903,0.188881968,, Messaging
,,,0.356705606,-0.474839997,, Messaging
,,,0.641598125,0.256746521,, Messaging
,,,0.478037051,-0.009566163,, Messaging
,,,0.385149378,0.084309148,, Messaging
,,,0.382425673,-0.115869264,, Messaging
,,,0.347858961,0.111380741,, Messaging
,,,0.46248642,0.029813559,, Messaging
,,,0.240314993,-0.003139791,, Messaging
,,,0.578859986,0.119629449,, Messaging
,,,0.17363888,0.109884619,, Messaging
,,,0.345770904,0.223163732,, Messaging
,,,0.558911453,-0.14516838,, Messaging
,,,0.485104103,0.091834568,, Messaging
,,,0.547093424,0.076585402,, Messaging
,,,0.434482093,0.274608748,, Messaging
,,,0.592770087,0.048060576,, Messaging
,,,0.593898037,0.122045461,, Messaging
,,,0.415589562,0.020313683,, Messaging
,,,0.566791924,0.00039232,, Messaging
,,,0.570334831,0.099428446,, Messaging
,,,0.458113736,0.116870353,, Messaging
,,,0.440597704,-0.243117161,, Messaging
,,,0.550591259,0.029958676,, Messaging
,,,0.637527929,0.042550671,, Messaging
,,,0.422089264,-0.134402716,, Messaging
,,,0.542200674,-0.040671874,, Messaging
,,,0.642098361,0.153741559,, Messaging
,,,0.382649017,-0.059598182,, Messaging
,,,0.490119434,0.063081894,, Messaging
,,,0.671682643,0.008894455,, Messaging
,,,0.328752554,0.248629432,, Messaging
,,,0.532000651,0.044203419,, Messaging
,,,0.497563282,0.230277527,, Messaging
,,,0.20209476,0.434703519,, Messaging
,,,0.356656523,0.260215053,, Messaging
,,,0.441421239,-0.288614039,, Messaging
,,,0.639443091,-0.304020818,, Messaging
,,,0.333764541,0.001608191,, Messaging
,,,0.512891007,0.099591261,, Messaging
,,,0.446938661,0.226538044,, Messaging
,,,0.54380181,-0.095210216,, Messaging
,,,0.28846453,0.024823394,, Messaging
,,,0.319451888,0.052470067,, Messaging
,,,0.399919128,0.090763788,, Messaging
,,,0.694311317,0.108738306,, Messaging
,,,0.704703648,0.102099991,, Messaging
,,,0.661998842,-0.028053494,, Messaging
,,,0.67991877,0.100550052,, Messaging
,,,0.686568383,0.119435512,, Messaging
,,,0.696813469,0.095197105,, Messaging
,,,0.297054251,-0.193078067,, Messaging
,,,0.380754669,-0.042913358,, Messaging
,,,0.536379557,0.207964139,, Messaging
,,,0.542826353,-0.173636334,, Messaging
,,,0.419460663,0.172743744,, Messaging
,,,0.210923193,0.157516111,, Messaging
,,,0.490492527,-0.158848045,, Messaging
,,,0.449438418,0.325708604,, Messaging
,,,0.592237056,0.064236842,, Messaging
,,,0.433089642,-0.062288009,, Messaging
,,,0.682023085,0.189216372,, Messaging
,,,0.594580752,0.00515979,, Messaging
,,,0.617889255,0.047238474,, Messaging
,,,0.556197474,0.07083071,, Messaging
,,,0.553034544,-0.009742672,, Messaging
,,,0.536041745,-0.42269011,, Messaging
,,,0.559083568,-0.130265027,, Messaging
,,,0.347434224,0.174200456,, Messaging
,,,0.611816928,0.017226661,, Messaging
,,,0.529445085,-0.132560355,, Messaging
,,,0.256867145,-0.071091816,, Messaging
,,,0.629205678,0.085155835,, Messaging
,,,0.256863506,0.052322448,, Messaging
,,,0.54412183,-0.063549881,, Messaging
,,,0.358116389,-0.186083785,, Messaging
,,,0.419454717,0.20599081,, Messaging
,,,0.254754979,0.001466018,, Messaging
,,,0.328046537,-0.235893583,, Messaging
,,,0.17640544,-0.099636158,, Messaging
,,,0.443044514,0.247977534,, Messaging
,,,0.419133764,0.02026015,, Messaging
,,,0.460120088,0.140852818,, Messaging
,,,0.431575883,0.167598281,, Messaging
,,,0.387843271,0.005812669,, Messaging
,,,0.307536859,-0.129394425,, Messaging
,,,0.288050505,0.035663853,, Messaging
,,,0.371211222,-0.110708347,, Messaging
,,,0.653690208,0.118031155,, Messaging
,,,0.631566317,0.05894746,, Messaging
,,,0.363164772,0.216450308,, Messaging
,,,0.423478935,-0.049564987,, Messaging
,,,0.400835981,0.022840509,, Messaging
,,,0.352775975,0.039790152,, Messaging
,,,0.652906296,0.063758804,, Messaging
,,,0.334833141,0.037156064,, Messaging
,,,0.465998251,-0.017879229,, Messaging
,,,0.641813277,0.183149673,, Photos
,,,-0.091477227,0.149901903,, Photos
,,,0.253795881,0.717739596,, Photos
,,,0.008021636,0.692549749,, Photos
,,,-0.043558647,0.365381394,, Photos
,,,0.779593035,-0.193443638,, Photos
,,,-0.639290609,0.374178077,, Photos
,,,-0.749244883,0.298844326,, Photos
,,,0.440801337,-0.607670191,, Photos
,,,0.242130045,0.556323964,, Photos
,,,-0.541219954,-0.574156013,, Photos
,,,-0.583061937,0.433754762,, Photos
,,,0.161769405,-0.769925603,, Photos
,,,0.307390741,-0.442109981,, Photos
,,,0.146183387,0.356238869,, Photos
,,,0.540912451,-0.531268562,, Photos
,,,0.733613868,0.200930501,, Photos
,,,-0.16770206,-0.667136372,, Photos
,,,0.043113668,-0.384707062,, Photos
,,,0.62675311,-0.28110132,, Photos
,,,0.386787355,-0.582095816,, Photos
,,,-0.343076367,-0.128773937,, Photos
,,,0.721674391,0.303703013,, Photos
,,,-0.020308674,0.750466159,, Photos
,,,0.673265691,0.384548167,, Photos
,,,-0.607047824,0.379831397,, Photos
,,,-0.101563751,0.710772129,, Photos
,,,-0.581924803,0.3486387,, Photos
,,,0.721452788,0.043218936,, Photos
,,,0.785908986,-0.002304603,, Photos
,,,-0.163500231,0.582424729,, Photos
,,,-0.611329919,-0.307873532,, Photos
,,,0.057651898,-0.756642068,, Photos
,,,0.581021921,-0.532482763,, Photos
,,,0.44494422,-0.321463708,, Photos
,,,-0.269462891,0.4982175,, Photos
,,,0.104640969,-0.245757068,, Photos
,,,-0.591601759,0.08212589,, Photos
,,,-0.542253308,0.388974786,, Photos
,,,0.689463927,0.263041409,, Photos
,,,-0.446455712,0.522319633,, Photos
,,,0.78854797,0.176465273,, Photos
,,,-0.216493315,0.61414531,, Photos
,,,0.701323059,0.152468868,, Photos
,,,-0.596878736,-0.33081787,, Photos
,,,-0.633621867,0.482538839,, Photos
,,,-0.54648847,-0.464619219,, Photos
,,,0.652149954,0.396311992,, Photos
,,,-0.636581219,0.223808421,, Photos
,,,0.700330588,-0.348294607,, Photos
,,,-0.289748194,-0.727471034,, Photos
,,,0.683690293,0.364087586,, Photos
,,,-0.102116843,0.600242228,, Photos
,,,0.298371027,-0.649220056,, Photos
,,,0.602585725,-0.522082993,, Photos
,,,0.730720022,0.208264528,, Photos
,,,-0.661037954,0.210911198,, Photos
,,,-0.604172634,0.396237799,, Photos
,,,0.41446043,-0.308266534,, Photos
,,,-0.019929924,0.685630712,, Photos
,,,0.715556541,0.370796928,, Photos
,,,-0.011088506,-0.700676864,, Photos
,,,0.533454186,0.587841888,, Photos
,,,-0.18497875,0.21164289,, Photos
,,,0.392574479,-0.49091215,, Photos
,,,0.388902513,0.606709601,, Photos
,,,-0.66708474,-0.375314565,, Photos
,,,-0.409548909,0.146915133,, Photos
,,,-0.61643789,0.225463499,, Photos
,,,0.745531514,0.203487301,, Photos
,,,-0.731879901,-0.223464161,, Photos
,,,-0.687891275,-0.159708797,, Photos
,,,-0.355554148,-0.533702103,, Photos
,,,-0.525868728,0.151762058,, Photos
,,,-0.080568948,-0.777848954,, Photos
,,,-0.007243026,0.145549807,, Photos
,,,-0.550657231,-0.108638016,, Photos
,,,0.494954162,-0.553156384,, Photos
,,,0.407495471,0.61537129,, Photos
,,,0.469497077,-0.369296011,, Photos
,,,0.169865283,0.54498838,, Photos
,,,0.437891215,-0.630718678,, Photos
,,,-0.098073775,-0.022904093,, Photos
,,,0.208063291,0.647038733,, Photos
,,,-0.62783635,0.018020129,, Photos
,,,0.181275066,0.540961307,, Photos
,,,-0.665929018,0.407642326,, Photos
,,,-0.344680286,-0.708373826,, Photos
,,,-0.298145642,0.260787609,, Photos
,,,-0.740818729,0.15885508,, Photos
,,,-0.09950808,0.783119257,, Photos
,,,0.26559868,0.681221878,, Photos
,,,-0.079028952,0.196769409,, Photos
,,,0.795676199,-0.103883479,, Photos
,,,0.685828222,-0.110495939,, Photos
,,,-0.791051628,0.141947632,, Photos
,,,0.516113339,-0.422637213,, Photos
,,,-0.583243696,-0.448159694,, Photos
,,,-0.744537472,-0.08063661,, Photos
,,,-0.147098922,0.595251119,, Photos
,,,0.72632958,0.131103689,, Photos
,,,0.636949783,0.271079793,, Photos
,,,0.068627554,-0.736820428,, Photos
,,,0.363344774,0.52665422,, Photos
,,,-0.494037218,-0.337484728,, Photos
,,,-0.179877364,0.195739386,, Photos
,,,0.008893728,-0.50379862,, Photos
,,,-0.262856729,-0.585948864,, Photos
,,,0.616934045,0.497826799,, Photos
,,,0.756567895,0.252999006,, Photos
,,,0.16794713,-0.734489552,, Photos
,,,0.040729613,0.780831387,, Photos
,,,-0.028483719,0.616876669,, Photos
,,,0.697589485,0.236795245,, Photos
,,,0.761055049,0.079449785,, Photos
,,,0.166353978,-0.356092848,, Photos
,,,0.134919085,0.618075144,, Photos
,,,-0.500248151,-0.279195669,, Photos
,,,0.707314963,-0.230971783,, Photos
,,,0.584783101,0.509675864,, Photos
,,,-0.624471714,-0.022692464,, Photos
,,,-0.017372829,0.2280395,, Photos
,,,0.011656369,0.275130784,, Photos
,,,0.782049061,0.025752312,, Photos
,,,0.167480277,0.430936861,, Photos
,,,-0.384354053,0.091473477,, Photos
,,,-0.000246348,0.064765856,, Photos
,,,0.54819551,-0.450792969,, Photos
,,,-0.020575506,0.413966224,, Photos
,,,0.002007649,0.392504892,, Photos
,,,-0.08008719,0.432124237,, Photos
,,,-0.618070232,0.15465679,, Photos
,,,-0.434385402,-0.673570511,, Photos
,,,-0.440735605,-0.558165794,, Photos
,,,0.015526965,0.420639218,, Photos
,,,-0.071776486,0.770115226,, Photos
,,,0.037463393,0.744503945,, Photos
,,,-0.086330276,0.716070793,, Photos
,,,-0.557681136,-0.438633038,, Photos
,,,-0.557058966,0.497144585,, Photos
,,,0.656953086,0.417948436,, Photos
,,,-0.282497582,-0.207598805,, Photos
,,,0.201669567,0.511823901,, Photos
,,,-0.523525255,0.526160295,, Photos
,,,-0.215995413,0.755858236,, Photos
,,,0.45827116,0.667052331,, Photos
,,,-0.200992417,-0.612568813,, Photos
,,,-0.564697626,-0.563041153,, Photos
,,,0.714155398,-0.372573349,, Photos
,,,0.15506771,0.592754185,, Photos
,,,0.105556136,0.388443579,, Photos
,,,-0.155073872,0.628938488,, Photos
,,,0.367252543,0.677088994,, Photos
,,,0.137241224,-0.750263617,, Photos
,,,-0.093659809,-0.172311737,, Photos
,,,-0.181296706,0.119661748,, Photos
,,,-0.021138422,-0.291731106,, Photos
,,,-0.093260488,0.164587474,, Photos
,,,-0.189539763,0.618176199,, Photos
,,,0.17505128,-0.542823163,, Photos
,,,0.101059425,0.701824194,, Photos
,,,0.280416914,0.707137528,, Photos
,,,-0.27152708,-0.745341138,, Photos
,,,-0.736408515,-0.304108011,, Photos
,,,-0.477349227,0.535183586,, Photos
,,,-0.075611316,0.643202789,, Photos
,,,0.601524611,0.423767902,, Photos
,,,0.415392116,0.661387911,, Photos
,,,-0.349679679,0.659404952,, Video
,,,-0.193253922,0.267577629,, Video
,,,-0.436411333,-0.507639017,, Video
,,,-0.264576906,0.696370592,, Video
,,,-0.1489857,0.157310801,, Video
,,,0.080774962,0.4293542,, Video
,,,-0.04838808,-0.620421788,, Video
,,,-0.767710305,-0.183843482,, Video
,,,-0.060843612,0.575946152,, Video
,,,-0.210446824,0.587264682,, Video
,,,-0.105640255,0.324720552,, Video
,,,-0.127632527,0.733212019,, Video
,,,-0.215521743,0.340015452,, Video
,,,-0.137360622,0.482993925,, Video
,,,-0.00111886,0.281742566,, Video
,,,-0.078885849,0.347830882,, Video
,,,-0.229133805,0.652535051,, Video
,,,-0.018640499,0.399495111,, Video
,,,-0.360647324,0.352815281,, Video
,,,0.103036853,0.539087852,, Video
,,,-0.221734444,0.505234726,, Video
,,,-0.421501415,0.045524561,, Video
,,,-0.539057869,0.193746543,, Video
,,,0.001432324,0.352969667,, Video
,,,-0.035964505,-0.619273713,, Video
,,,0.38846495,0.567274187,, Video
,,,0.441288664,0.608036757,, Video
,,,-0.126436564,-0.585883996,, Video
,,,-0.188521605,0.492692747,, Video
,,,0.545086254,-0.311956652,, Video
,,,-0.128420741,0.452471201,, Video
,,,-0.174677379,0.744783015,, Video
,,,-0.01562242,0.583057242,, Video
,,,0.158737651,0.591940643,, Video
,,,-0.299196469,0.55622671,, Video
,,,0.032246223,0.498871654,, Video
,,,-0.105668306,0.263281951,, Video
,,,0.702292039,0.366679061,, Video
,,,-0.142226301,0.404774076,, Video
,,,0.615758746,-0.373481727,, Video
,,,-0.148113939,0.194271362,, Video
,,,-0.055747088,0.312250079,, Video
,,,-0.144947555,0.046028792,, Video
,,,-0.242938804,0.584849727,, Video
,,,-0.160843044,0.310226094,, Video
,,,0.552956132,0.370383749,, Video
,,,-0.254647288,0.492877051,, Video
,,,0.437720507,0.506494964,, Video
,,,-0.010970983,0.49517814,, Video
,,,-0.271301968,-0.162529808,, Video
,,,-0.093193115,0.605502042,, Video
,,,0.434626166,0.473772464,, Video
,,,-0.046426365,0.734800535,, Video
,,,-0.170023451,0.384152045,, Video
,,,-0.025094551,0.267488513,, Video
,,,-0.037792531,0.562107399,, Video
,,,-0.181304836,0.248418278,, Video
,,,-0.224444235,0.681660643,, Video
,,,0.680330178,0.378208864,, Video
,,,-0.243653371,0.35543892,, Video
,,,0.639711767,-0.347749624,, Video
,,,-0.217020434,0.66088093,, Video
,,,-0.266549598,0.52152747,, Video
,,,0.761652563,0.124635513,, Video
,,,-0.271235308,0.308630412,, Video
,,,0.012620492,0.52121529,, Video
,,,-0.18465549,-0.744426295,, Video
,,,0.2273558,-0.309579084,, Video
,,,-0.167234866,0.628023703,, Video
,,,0.137636252,0.460252689,, Video
,,,0.371943309,0.651739337,, Video
,,,-0.075667784,0.426265729,, Video
,,,-0.277779747,0.580867209,, Video
,,,-0.236018732,0.664204679,, Video
,,,-0.644476837,-0.019150008,, Video
,,,-0.348293281,0.373185556,, Video
,,,-0.270155229,0.44963885,, Video
,,,-0.122719465,0.425421482,, Video
,,,-0.748197826,-0.138925628,, Video
,,,-0.204337865,0.542106873,, Video
,,,-0.259019226,0.612971565,, Video
,,,-0.157070351,0.494832551,, Video
,,,-0.415090493,0.639483134,, Video
,,,-0.27492285,0.437200923,, Video
,,,-0.236307189,0.601235591,, Video
,,,0.279218049,0.463252212,, Video
,,,-0.190004872,0.414313554,, Video
,,,-0.386061782,0.180235495,, Video
,,,-0.766688845,-0.110562881,, Video
,,,-0.19710264,0.369935888,, Video
,,,-0.27024284,0.55394908,, Video
,,,-0.691462826,0.230265685,, Video
,,,-0.194917426,0.36179898,, Video
,,,-0.160441912,0.219272346,, Video
,,,-0.07032524,0.577100128,, Video
,,,-0.492785988,0.273135075,, Video
,,,-0.160512892,0.225226559,, Video
,,,-0.124544951,0.510485753,, Video
,,,-0.716079447,0.120724877,, Video
,,,-0.061372175,0.637723971,, Video
,,,0.554468604,0.518320455,, Video
,,,-0.197731328,0.443402276,, Video
,,,-0.668802658,0.324772365,, Video
,,,0.527113438,0.366541106,, Video
,,,-0.720980761,0.289708061,, Video
,,,-0.75506047,-0.261092569,, Video
,,,0.266986331,0.55734739,, Video
,,,-0.097828902,0.299714399,, Video
,,,-0.182240588,0.637349608,, Video
,,,0.344894816,-0.309965183,, Video
,,,0.490521715,0.583710454,, Video
,,,-0.296081192,0.507138104,, Video
,,,-0.109750356,0.187928296,, Video
,,,-0.220877042,0.624310764,, Video
,,,0.59143142,-0.475202204,, Video
,,,-0.014166594,-0.110008973,, Video
,,,-0.273624565,0.483630707,, Video
,,,-0.015260688,-0.149464831,, Video
,,,0.153947497,-0.654092992,, Video
,,,-0.535335365,0.081271393,, Video
,,,-0.272303367,0.737672194,, Video
,,,-0.036393425,0.38812264,, Video
,,,0.313485737,0.599426728,, Video
,,,0.42733285,0.562338718,, Video
,,,-0.6130174,0.488131107,, Video
,,,0.191294265,0.668378688,, Video
,,,-0.132693946,0.720008717,, Video
,,,-0.182458905,0.482308728,, Video
,,,0.7149832,0.280293388,, Video
,,,-0.014294771,0.600267776,, Video
,,,-0.623542207,-0.105876166,, Video
,,,-0.130428696,0.632755228,, Video
,,,-0.10071943,0.620789506,, Video
,,,0.200845113,-0.532762187,, Video
,,,-0.650547457,0.166561479,, Video
,,,0.036592775,0.616654918,, Video
,,,-0.040001077,0.598309436,, Video
,,,0.595637226,-0.440398081,, Video
,,,-0.008973665,-0.71001741,, Video
,,,-0.310414925,0.651967268,, Video
,,,0.692564247,0.199152617,, Video
,,,0.631218736,-0.404815311,, Video
,,,-0.207892114,0.435671938,, Video
,,,-0.328786018,0.468660382,, Video
,,,-0.205349139,0.453269113,, Video
,,,-0.076454342,0.343121213,, Video
,,,-0.068989705,0.056072051,, Video
,,,-0.237004589,0.408155263,, Video
,,,0.484031504,0.511922036,, Video
,,,0.046452454,0.352507913,, Video
,,,-0.005812665,-0.007786026,, Video
,,,-0.031589461,-0.373081,, Video
,,,-0.131088287,0.353093762,, Video
,,,-0.208712008,-0.71626269,, Video
,,,0.565936026,0.335573447,, Video
,,,-0.162614172,0.655605683,, Video
,,,-0.249344137,0.531075797,, Video
,,,-0.141246,0.28800096,, Video
,,,0.185108228,0.746528015,, Video
,,,-0.572136576,0.180224755,, Video
,,,0.28897514,-0.508849331,, Video
,,,0.759844426,-0.028814023,, Video
,,,-0.732400082,0.214984531,, Video
,,,-0.112421946,0.591551546,, Video
,,,-0.170738537,0.519415369,, Video
,,,-0.348524827,-0.504840249,, Video
,,,-0.470204417,-0.484926062,, Video
,,,0.60297172,-0.335498265,, Video
,,,0.222058977,0.663730743,, Social
,,,-0.597892327,0.407120743,, Social
,,,-0.469239481,0.590884054,, Social
,,,0.024667979,-0.21134767,, Social
,,,-0.536371157,0.125324193,, Social
,,,0.587348159,-0.28341961,, Social
,,,0.352425741,-0.378016877,, Social
,,,0.0933224,0.364599971,, Social
,,,0.645658431,-0.426407918,, Social
,,,-0.170870895,-0.006545612,, Social
,,,-0.003010131,-0.311758609,, Social
,,,-0.060508572,-0.452668317,, Social
,,,-0.648123117,-0.07848884,, Social
,,,-0.077809801,-0.243521298,, Social
,,,0.066986264,-0.650105376,, Social
,,,-0.752336865,0.182468953,, Social
,,,-0.506442444,0.622669192,, Social
,,,-0.435083933,0.179558023,, Social
,,,0.728713032,0.174989222,, Social
,,,0.53376514,0.501729904,, Social
,,,-0.360196825,0.671844531,, Social
,,,-0.653755012,-0.430106851,, Social
,,,0.147289112,-0.302447833,, Social
,,,0.457924634,0.51834642,, Social
,,,-0.145434572,-0.04694689,, Social
,,,0.378546269,-0.3665901,, Social
,,,-0.321831726,-0.340394091,, Social
,,,0.071917992,0.316207673,, Social
,,,0.041310246,0.737369538,, Social
,,,-0.15702524,0.096344223,, Social
,,,-0.309240045,0.408242068,, Social
,,,-0.229824115,-0.123963387,, Social
,,,-0.397711313,-0.148042208,, Social
,,,-0.351342947,0.558327176,, Social
,,,-0.275349682,-0.664004309,, Social
,,,0.023827202,-0.719446681,, Social
,,,0.346690554,-0.593148261,, Social
,,,0.049428844,-0.660136097,, Social
,,,0.327015543,-0.450620628,, Social
,,,-0.046631574,-0.724015903,, Social
,,,-0.522155238,-0.331634656,, Social
,,,-0.25626495,0.70257199,, Social
,,,-0.743267154,-0.12726703,, Social
,,,-0.680050943,0.239751206,, Social
,,,-0.04279515,-0.768166035,, Social
,,,-0.446949085,-0.399512979,, Social
,,,0.006628882,0.679129837,, Social
,,,0.694782042,-0.168196903,, Social
,,,-0.310861164,-0.693061161,, Social
,,,-0.112619096,-0.790835811,, Social
,,,0.30832026,-0.385234982,, Social
,,,-0.026765262,-0.55847451,, Social
,,,-0.14184758,-0.280740549,, Social
,,,-0.49231998,-0.293716679,, Social
,,,0.036927648,0.014460396,, Social
,,,0.13098585,-0.547705336,, Social
,,,-0.052014466,-0.748142549,, Social
,,,-0.499334272,0.589926871,, Social
,,,0.01746367,0.40413862,, Social
,,,-0.145441288,0.727878481,, Social
,,,0.364735529,-0.44769173,, Social
,,,0.62638771,-0.311650017,, Social
,,,-0.015312928,-0.444175797,, Social
,,,0.10158776,-0.310863944,, Social
,,,-0.725081397,-0.058413816,, Social
,,,0.007500137,0.549960137,, Social
,,,-0.201307557,0.522368604,, Social
,,,-0.336698731,0.499160738,, Social
,,,0.06096186,-0.198361821,, Social
,,,-0.159037264,0.433855647,, Social
,,,-0.076779452,0.09673171,, Social
,,,-0.048574285,-0.113019088,, Social
,,,-0.042325246,0.23488757,, Social
,,,0.660657195,-0.16004168,, Social
,,,-0.01496663,-0.582773612,, Social
,,,-0.554451555,-0.201927783,, Social
,,,0.057153262,-0.247807385,, Social
,,,0.209931984,-0.480512944,, Social
,,,0.465015616,0.489588309,, Social
,,,0.14221831,-0.459546088,, Social
,,,-0.238170872,0.350196161,, Social
,,,0.500815313,-0.546348507,, Social
,,,-0.141661914,-0.723188904,, Social
,,,-0.019938557,-0.760539135,, Social
,,,0.09942508,-0.607646653,, Social
,,,-0.589298785,-0.054975462,, Social
,,,0.127256367,0.589051295,, Social
,,,-0.138878126,-0.069747417,, Social
,,,-0.185471961,-0.490758239,, Social
,,,0.02495653,-0.638627529,, Social
,,,-0.449126287,0.431058219,, Social
,,,0.014255427,0.308021498,, Social
,,,-0.167503537,-0.350889163,, Social
,,,0.345176687,-0.713376009,, Social
,,,0.217571688,-0.282119749,, Social
,,,0.447218848,0.57039546,, Social
,,,0.413951831,-0.629918705,, Social
,,,-0.126258799,0.685032549,, Social
,,,0.499305199,-0.409899483,, Social
,,,0.465652668,0.407493135,, Social
,,,-0.153547483,-0.424800936,, Social
,,,0.471958391,-0.56858824,, Social
,,,-0.525477089,0.374510219,, Social
,,,-0.275179101,0.061537978,, Social
,,,0.390977339,-0.599278524,, Social
,,,0.484524715,0.601118875,, Social
,,,0.164702312,-0.294671791,, Social
,,,0.506781169,-0.384980599,, Social
,,,-0.242465899,0.57032976,, Social
,,,-0.658006524,-0.286005683,, Social
,,,0.239449444,-0.714867195,, Social
,,,0.27500662,0.609124549,, Social
,,,0.041073455,-0.347416369,, Social
,,,-0.568238674,0.44789723,, Social
,,,-0.235864541,-0.369530192,, Social
,,,0.651199983,0.221743886,, Social
,,,0.284024296,0.372339438,, Social
,,,-0.587803944,0.397310703,, Social
,,,0.518800346,-0.515918444,, Social
,,,0.234898073,-0.321017639,, Social
,,,0.519499971,0.408530884,, Social
,,,0.273103437,0.470944625,, Social
,,,0.710372861,-0.198530616,, Social
,,,0.100523012,0.773054065,, Social
,,,0.592367505,0.505174321,, Social
,,,0.476576209,0.630198711,, Social
,,,0.661396068,-0.185574752,, Social
,,,0.052911991,-0.605960546,, Social
,,,-0.32733236,-0.710755454,, Social
,,,-0.258804213,0.406792168,, Social
,,,-0.229983963,0.331739614,, Social
,,,-0.07222928,-0.450914109,, Social
,,,0.310645511,-0.311485874,, Social
,,,0.714623721,0.260932676,, Social
,,,-0.609520494,0.38927023,, Social
,,,-0.020524753,-0.208080538,, Social
,,,-0.674279208,-0.32895729,, Social
,,,-0.034056087,0.034454329,, Social
,,,0.064780419,0.261068112,, Social
,,,-0.231729393,0.273363204,, Social
,,,0.028522147,0.468371863,, Social
,,,0.691406219,-0.301713483,, Social
,,,0.717882381,-0.32989883,, Social
,,,-0.452086508,0.150133994,, Social
,,,-0.159893429,-0.610297688,, Social
,,,-0.069762574,-0.057863371,, Social
,,,-0.325288761,-0.472976943,, Social
,,,-0.555770354,0.443008791,, Social
,,,0.236329179,0.387632648,, Social
,,,-0.214681875,0.549640862,, Social
,,,0.14974343,-0.165967749,, Social
,,,-0.403936281,0.208920574,, Social
,,,0.247167609,-0.324904146,, Social
,,,0.414860358,-0.649160336,, Social
,,,0.056106622,0.159697287,, Social
,,,0.198346171,0.568400468,, Social
,,,0.056562907,0.077614012,, Social
,,,0.526545045,0.515895317,, Social
,,,-0.067515259,0.504808505,, Social
,,,0.751291294,0.050287068,, Social
,,,-0.487675211,0.246450276,, Social
,,,-0.400659672,0.635459328,, Social
,,,0.040589703,0.632245484,, Social
,,,-0.004822574,-0.322480629,, Social
,,,0.384174821,0.599051752,, Social
,,,0.237559953,0.383513516,, Social
,,,-0.061221355,-0.477564445,, Social
,,,0.108863541,0.513291075,, Social
,,,0.343117827,0.507699777,, Social
,,,0.588905064,-0.385458837,, Social
,,,0.431968081,0.602134347,, Social
,,,0.044661849,-0.789251421,, Social
,,,-0.156002071,-0.581469079,, Social
,,,-0.408785089,0.650104193,, Social
,,,-0.337351784,-0.644119418,, Social
,,,-0.203384592,-0.432969671,, Social
,,,0.483312177,0.448236239,, Social
,,,0.156335065,0.617268857,, Social
,,,-0.317173572,0.413249539,, Social
,,,0.677914344,-0.271251675,, Social
,,,-0.168795915,0.723857668,, Social
,,,-0.606252297,-0.278230498,, Social
,,,0.339247226,0.504689169,, Social
,,,0.434174834,-0.607453179,, Social
,,,0.606307305,0.309552111,, Social
,,,0.257299577,-0.532442536,, Social
,,,0.398723175,0.426150077,, Social
,,,0.711022557,-0.004005611,, Social
,,,-0.089193449,-0.401003684,, Social
,,,-0.503649422,0.055808366,, Social
,,,-0.628533573,0.184005329,, Social
,,,0.136251275,0.363884283,, Social
,,,-0.232455713,-0.135265206,, Social
,,,-0.421096651,-0.197687524,, Social
,,,-0.057243643,-0.392838471,, Social
,,,-0.353935725,-0.251044702,, Social
,,,-0.274967399,-0.03135835,, Social
,,,-0.387985833,-0.205855788,, Social
,,,-0.303289483,-0.274187444,, Social
,,,-0.065439023,-0.566500764,, Social
,,,-0.093901408,-0.32862602,, Social
,,,0.356508038,-0.652299692,, Social
,,,-0.063825665,-0.279514686,, Social
,,,0.175942499,-0.733450571,, Social
,,,0.401695131,-0.378789152,, Social
,,,-0.586975099,0.211734969,, Social
,,,-0.279266834,0.705840363,, Social
,,,0.302183744,0.622943769,, Social
,,,-0.643809479,-0.172907915,, Social
,,,-0.273943561,-0.118493481,, Social
,,,-0.079257475,-0.216898679,, Social
,,,-0.323987548,0.150495308,, Social
,,,0.179547172,-0.472491158,, Social
,,,-0.440313299,-0.223358769,, Social
,,,-0.064484944,-0.004007709,, Social
,,,0.522790871,-0.572596458,, Social
,,,-0.036214579,-0.676926899,, Social
,,,0.213924315,0.714048572,, Social
,,,0.559918191,0.503797367,, Social
,,,-0.340469734,0.210639717,, Social
,,,-0.672929784,-0.395104724,, Social
,,,0.048105286,0.775380736,, Social
,,,0.308319545,-0.400715145,, Social
,,,-0.066447693,0.174220057,, Social
,,,-0.309155586,-0.46522025,, Social
,,,0.189971684,0.455952469,, Social
,,,-0.141212393,0.182976201,, Social
,,,0.043217333,0.786035096,, Social
,,,0.157122458,0.749842058,, Social
,,,0.227162063,0.406999288,, Social
,,,-0.219417368,0.23614942,, Social
,,,0.623727292,-0.265083024,, Social
,,,0.598279119,0.483917713,, Social
,,,0.470329953,-0.581940627,, Social
,,,0.097517265,0.563139933,, Social
,,,-0.070676138,-0.160991044,, Social
,,,-0.320168194,-0.410988381,, Social
,,,0.385697316,-0.516595752,, Social
,,,-0.043011874,-0.127216473,, Social
,,,-0.112020354,-0.684444339,, Social
,,,-0.189549966,-0.071922909,, Social
,,,0.411158349,-0.576146006,, Social
,,,0.68017017,-0.310563598,, Social
,,,-0.559367946,0.319703831,, Social
,,,-0.016996993,0.242884604,, Social
,,,-0.031860754,-0.27710816,, Social
,,,0.493537508,0.471373851,, Social
,,,0.558269446,-0.529342461,, Social
,,,0.118576541,0.711082085,, Social
,,,-0.30540783,0.356843941,, Social
,,,-0.616876423,-0.130257368,, Social
,,,-0.757019023,-0.099470163,, Social
,,,-0.41937191,0.60365495,, Social
,,,-0.386710713,0.452930871,, Social
,,,-0.115611022,-0.095884996,, Social
,,,0.566742347,-0.256427435,, Social
,,,-0.319070439,-0.682828738,, Social
,,,-0.168590055,0.677455889,, Social
,,,0.072127494,-0.576231345,, Social
,,,0.759390565,-0.211015399,, Social
,,,0.202563763,0.482401779,, Social
,,,0.162696273,-0.793324649,, Games
,,,-0.006553984,-0.784588032,, Games
,,,0.600811143,-0.504307514,, Games
,,,0.767748637,-0.042687116,, Games
,,,0.277985142,0.733368568,, Games
,,,0.40084825,0.632898267,, Games
,,,-0.752482234,0.140178982,, Games
,,,0.506406556,0.519946457,, Games
,,,0.039735258,0.770760228,, Games
,,,-0.656506868,0.406610132,, Games
,,,0.416959724,0.462491001,, Games
,,,-0.214774179,0.775766577,, Games
,,,0.156376505,0.708766258,, Games
,,,-0.707110426,-0.232003607,, Games
,,,-0.340674336,0.657043364,, Games
,,,-0.299409626,-0.61992198,, Games
,,,0.494965984,-0.574637036,, Games
,,,0.414248829,-0.510935509,, Games
,,,-0.496167439,0.077558085,, Games
,,,0.086430335,0.749256316,, Games
,,,-0.225735005,-0.768667988,, Games
,,,0.523169441,-0.468198646,, Games
,,,0.378452858,0.706820383,, Games
,,,-0.324292859,0.698141624,, Games
,,,0.534052353,0.546871196,, Games
,,,0.397215883,0.570799254,, Games
,,,0.700750999,0.280324267,, Games
,,,0.739330874,-0.301236263,, Games
,,,-0.075871949,-0.466890433,, Games
,,,0.776581315,-0.092404609,, Games
,,,0.675544093,0.24755069,, Games
,,,-0.541083006,-0.530800063,, Games
,,,0.237640651,0.736639537,, Games
,,,-0.361140571,0.589250299,, Games
,,,0.530456678,-0.598866284,, Games
,,,-0.489612445,0.585475041,, Games
,,,-0.269733909,0.754598527,, Games
,,,-0.38177556,0.59827824,, Games
,,,-0.710631063,0.183210756,, Games
,,,-0.548438799,0.487134906,, Games
,,,-0.495095245,-0.574891204,, Games
,,,-0.113249475,-0.637957006,, Games
,,,-0.689293208,0.385370019,, Games
,,,0.507663349,0.620264211,, Games
,,,0.739433143,0.1476149,, Games
,,,0.177087987,-0.557521468,, Games
,,,-0.734248379,0.173133719,, Games
,,,-0.220868578,-0.734013206,, Games
,,,0.411276742,0.515169187,, Games
,,,0.605127517,-0.248972188,, Games
,,,-0.551094599,-0.526107412,, Games
,,,-0.352770593,-0.597320078,, Games
,,,-0.788136375,-0.024351123,, Games
,,,0.181886462,0.33219877,, Games
,,,-0.507168106,-0.621943202,, Games
,,,0.115823433,-0.750883878,, Games
,,,-0.089633251,-0.66914894,, Games
,,,0.229183602,-0.682291369,, Games
,,,0.618824622,-0.461014932,, Games
,,,0.600131716,0.544312261,, Games
,,,-0.706627018,-0.249435182,, Games
,,,-0.590153402,0.448419746,, Games
,,,0.682717433,0.349858305,, Games
,,,0.145482296,0.69775446,, Games
,,,-0.348799343,0.60025744,, Games
,,,0.649990171,0.329226734,, Games
,,,-0.189183459,-0.299556197,, Games
,,,-0.015390507,-0.342760871,, Games
,,,-0.313037457,0.329683329,, Games
,,,0.517179207,-0.327059593,, Games
,,,0.722083054,0.233505789,, Games
,,,0.144706474,0.581188289,, Games
,,,0.320804929,0.659473569,, Games
,,,-0.75964284,0.026201589,, Games
,,,0.447072368,-0.580484542,, Games
,,,-0.188039649,0.080623089,, Games
,,,-0.359532574,0.242810388,, Games
,,,-0.517162953,-0.33884599,, Games
,,,0.625156104,-0.394238734,, Games
,,,-0.386627412,-0.449409757,, Games
,,,-0.53936902,0.537644336,, Games
,,,-0.394051671,0.260563436,, Games
,,,-0.453015703,0.586818799,, Games
,,,-0.668919422,0.36295908,, Games
,,,-0.648723159,-0.396526238,, Games
,,,0.494423564,-0.264005338,, Games
,,,-0.55309057,0.208737655,, Games
,,,-0.657826544,0.347256072,, Games
,,,-0.762029283,0.174759203,, Games
,,,-0.193098805,0.750729002,, Games
,,,0.601298981,-0.415147957,, Games
,,,-0.634094169,0.297592414,, Games
,,,0.283779384,-0.509888877,, Games
,,,0.659952466,-0.37233163,, Games
,,,0.353814403,-0.617427332,, Games
,,,-0.094269071,0.296565398,, Games
,,,-0.092443412,-0.718786199,, Games
,,,-0.463530524,0.365474298,, Games
,,,0.619936096,0.39602248,, Games
,,,0.446326548,0.630420331,, Games
,,,0.075989014,0.765775219,, Games
,,,0.350784302,-0.696921326,, Games
,,,-0.14653295,-0.693507554,, Games
,,,0.012690355,-0.776895843,, Games
,,,-0.385886646,-0.595568166,, Games
,,,-0.609617049,-0.32961348,, Games
,,,-0.141640534,0.716700666,, Games
,,,-0.424352838,0.20826284,, Games
,,,0.572938296,-0.563650577,, Games
,,,0.188253425,0.652027228,, Games
,,,0.293063204,-0.671950274,, Games
,,,-0.13998403,0.739875622,, Games
,,,0.362253096,0.709869995,, Games
,,,-0.49824142,-0.598649726,, Games
,,,-0.143343398,0.676945848,, Games
,,,-0.58637814,-0.489187689,, Games
,,,-0.464833906,-0.43994064,, Games
,,,-0.517895761,-0.236481415,, Games
,,,-0.146487989,0.753896866,, Games
,,,-0.501043123,0.131953479,, Games
,,,0.187678606,0.760477212,, Games
,,,0.509485513,0.587242361,, Games
,,,0.176842705,-0.722630975,, Games
,,,0.311905888,-0.586266437,, Games
,,,-0.470280298,-0.576024803,, Games
,,,-0.687390797,-0.200623711,, Games
,,,-0.666805357,0.373327352,, Games
,,,0.134653575,-0.573239867,, Games
,,,-0.356382687,0.700615141,, Games
,,,-0.091461961,-0.791116339,, Games
,,,-0.493607215,0.628246816,, Games
,,,0.122904512,0.693952335,, Games
,,,0.689842048,-0.230369708,, Games
,,,0.373825882,0.539940119,, Games
,,,-0.307666202,-0.090869917,, Games
,,,-0.051357631,0.800293517,, Games
,,,-0.293583262,0.305318407,, Games
,,,-0.618481792,-0.357616013,, Games
,,,-0.491425645,-0.531536088,, Games
,,,-0.750503371,0.024902727,, Games
,,,0.780198796,0.10293137,, Games
,,,0.672247198,-0.141093371,, Games
,,,-0.248625877,-0.157476657,, Games
,,,-0.109631591,-0.349586647,, Games
,,,-0.776900716,-0.020013962,, Games
,,,0.081963626,-0.330101524,, Games
,,,-0.508056493,0.203195317,, Games
,,,-0.674810719,0.228185358,, Games
,,,-0.251197115,0.130042755,, Games
,,,-0.283424591,-0.608077338,, Games
,,,-0.385190739,-0.353404078,, Games
,,,0.371078144,-0.661609141,, Games
,,,-0.60629464,-0.483457482,, Games
,,,-0.533872345,0.301188368,, Games
,,,-0.371012641,0.367853753,, Games
,,,-0.468738506,0.567127781,, Games
,,,-0.166703068,0.323208637,, Games
,,,0.117269208,-0.391804861,, Games
,,,-0.402091217,0.49167855,, Games
,,,-0.458681778,0.58775044,, Games
,,,-0.672084869,0.075981679,, Games
,,,-0.265274728,0.272923766,, Games
,,,-0.574054253,0.043248648,, Games
,,,-0.359593912,0.679116293,, Games
,,,-0.483121697,-0.584686423,, Games
,,,-0.146433664,0.549075437,, Games
